rows,cols,cells,obs,heuristic,trials,found_fraction,avg_time_s,avg_expanded,avg_cost
30,30,900,0.2,octile_admissible,3,3/3,0.0017989999996643746,197.66666666666666,46.284271247461895
30,30,900,0.2,weighted_manhattan_nonadmissible,3,3/3,0.0006427666661087036,55.0,50.15601247717848
100,100,10000,0.2,octile_admissible,3,2/3,0.018912000000151846,2001.6666666666667,159.63098833543776
100,100,10000,0.2,weighted_manhattan_nonadmissible,3,2/3,0.0020596000000902373,127.33333333333333,169.7817459305203
200,200,40000,0.2,octile_admissible,3,2/3,0.07664763333347462,7862.0,318.62593770155513
200,200,40000,0.2,weighted_manhattan_nonadmissible,3,2/3,0.0028812666666150713,247.0,347.39191898578736
